 ,Label,Area,X,Y,Kurt,%Area
1,img3-3.PNG,381,412.423885,209.056430,NaN,100
2,img3-3.PNG,808,430.625000,373.753713,NaN,100
